<?xml version="1.0" encoding="UTF-8"?>
<project xmlns="http://maven.apache.org/POM/4.0.0" xmlns:xsi="http://www.w3.org/2001/XMLSchema-instance" xsi:schemaLocation="http://maven.apache.org/POM/4.0.0 http://maven.apache.org/maven-v4_0_0.xsd">
	<parent>
		<artifactId>autostopowicz</artifactId>
		<groupId>pl.com.autostopowicz</groupId>
		<version>1.0-SNAPSHOT</version>
		<relativePath>..</relativePath>
	</parent>
	<modelVersion>4.0.0</modelVersion>
	<groupId>pl.com.autostopowicz</groupId>
	<artifactId>autostopowiczcore</artifactId>
	<packaging>war</packaging>
	<version>1.0-SNAPSHOT</version>
	<name>autostopowiczcore</name>
	<repositories>
		<repository>
			<id>parlay-maven2-snapshot</id>
			<name>Ericpol Maven 2 Snapshot Repository</name>
			<layout>default</layout>
			<url>http://ip.ip.ip.ip/autostopowicz-snapshot</url>
			<releases>
				<enabled>false</enabled>
				<updatePolicy>always</updatePolicy>
			</releases>
			<snapshots>
				<enabled>true</enabled>
				<updatePolicy>always</updatePolicy>
			</snapshots>
		</repository>
	</repositories>
	<dependencies>
		<dependency>
			<groupId>mysql</groupId>
			<artifactId>mysql-connector-java</artifactId>
			<version>5.1.5</version>
			<scope>compile</scope>
		</dependency>
	   	<dependency>
			<groupId>commons-httpclient</groupId>
			<artifactId>commons-httpclient</artifactId>
			<version>3.1</version>
			<scope>compile</scope>
		</dependency>
		<dependency>
			<groupId>junit</groupId>
			<artifactId>junit</artifactId>
			<version>3.8.1</version>
			<scope>test</scope>
		</dependency>
		<dependency>
			<groupId>org.springframework</groupId>
			<artifactId>spring</artifactId>
			<version>2.0.7</version>
			<scope>compile</scope>
		</dependency>
		<dependency>
			<groupId>taglibs</groupId>
			<artifactId>standard</artifactId>
			<version>1.0.6</version>
			<scope>compile</scope>
		</dependency>
		<dependency>
			<groupId>commons-lang</groupId>
			<artifactId>commons-lang</artifactId>
			<version>2.3</version>
			<scope>compile</scope>
		</dependency>
		<dependency>
			<groupId>xerces</groupId>
			<artifactId>xerces</artifactId>
			<version>2.2.1</version>
			<scope>compile</scope>
		</dependency>
		<dependency>
			<groupId>javax.servlet</groupId>
			<artifactId>jstl</artifactId>
			<version>1.0.6</version>
			<scope>compile</scope>
		</dependency>
		<dependency>
			<groupId>org.hibernate</groupId>
			<artifactId>hibernate</artifactId>
			<version>3.2.5.ga</version>
			<scope>compile</scope>
		</dependency>
		<dependency>
			<groupId>org.springframework</groupId>
			<artifactId>spring-mock</artifactId>
			<version>2.0.7</version>
			<scope>test</scope>
		</dependency>
		<dependency>
			<groupId>javax.servlet</groupId>
			<artifactId>servlet-api</artifactId>
			<version>2.3</version>
			<scope>provided</scope>
		</dependency>
		<dependency>
			<groupId>org.springframework</groupId>
			<artifactId>spring-hibernate3</artifactId>
			<version>2.0.7</version>
			<scope>compile</scope>
		</dependency>
		<dependency>
			<groupId>com.oracle</groupId>
			<artifactId>ojdbc14</artifactId>
			<version>10.2.0.3.0</version>
			<scope>compile</scope>
		</dependency>
		<dependency>
			<groupId>org.acegisecurity</groupId>
			<artifactId>acegi-security</artifactId>
			<version>1.0.4</version>
			<scope>compile</scope>
		</dependency>
		<dependency>
			<groupId>pl.com.autostopowicz</groupId>
			<artifactId>database-tier</artifactId>
			<version>1.0-SNAPSHOT</version>
			<scope>compile</scope>
		</dependency>
	</dependencies>
</project>
