<?xml version="1.0" encoding="ISO-8859-2"?>
<!DOCTYPE beans PUBLIC "-//SPRING//DTD BEAN//EN" "http://www.springframework.org/dtd/spring-beans.dtd">
<beans>
	
	
	<bean class="org.springframework.jdbc.datasource.DriverManagerDataSource" id="dataSource">
		<property name="driverClassName">
			<value> com.mysql.jdbc.Driver </value>
		</property>
		<property name="url">
			<value>jdbc:mysql://Acer:3306/test</value>
		
		</property>
		<property name="username">
			<value>root</value>
		</property>
		<property name="password">
			<value>root</value>
		</property>
	</bean>
	
	<!-- Hibernate SessionFactory -->
	<bean class="org.springframework.orm.hibernate3.LocalSessionFactoryBean" id="sessionFactory">
		<property name="dataSource">
			<ref local="dataSource"/>
		</property>
		<property name="mappingResources">
			<list>
			<!-- <value>User.hbm.xml</value> -->
			</list>
		</property>
		<property name="hibernateProperties">
			<props>
				<prop key="hibernate.connection.pool_size">3</prop>
				<prop key="hibernate.show_sql">true</prop>
			</props>
		</property>
	</bean>
	<!-- Transaction manager for a single Hibernate SessionFactory (alternative to JTA) -->
	<bean autowire="default" class="pl.com.autostopowicz.dao.AutostopowiczDAOImpl" dependency-check="default" id="autostopowiczDAOTarget" lazy-init="default">
		<property name="sessionFactory">
			<ref local="sessionFactory"/>
		</property>
	</bean>
	<bean autowire="default" class="org.springframework.orm.hibernate3.HibernateTransactionManager" dependency-check="default" id="transactionManager" lazy-init="default">
		<property name="sessionFactory">
			<ref bean="sessionFactory"/>
		</property>
	</bean>
	<bean autowire="default" class="org.springframework.transaction.interceptor.TransactionProxyFactoryBean" dependency-check="default" id="autostopowiczDAO" lazy-init="default">
		<property name="transactionManager">
			<ref local="transactionManager"/>
		</property>
		<property name="target">
			<ref local="autostopowiczDAOTarget"/>
		</property>
		<property name="transactionAttributes">
			<!--  define the transaction specs here  -->
			<props>
				<prop key="save*">PROPAGATION_REQUIRED</prop>
				<prop key="remove*">PROPAGATION_REQUIRED</prop>
				<prop key="add*">PROPAGATION_REQUIRED</prop>
				<prop key="update*">PROPAGATION_REQUIRED</prop>
				<prop key="*">PROPAGATION_REQUIRED,readOnly</prop>
			</props>
		</property>
	</bean>
	<bean class="pl.com.autostopowicz.database.DatabaseManagerImpl" id="databaseManager">
		<property name="dao">
			<ref bean="autostopowiczDAO"/>
		</property>
	</bean>
</beans>
