<?xml version="1.0" encoding="ISO-8859-2"?>
<!DOCTYPE beans PUBLIC "-//SPRING//DTD BEAN//EN"
"http://www.springframework.org/dtd/spring-beans.dtd">
<beans>

	<bean id="filterChainProxy"
		class="org.acegisecurity.util.FilterChainProxy">
		<property name="filterInvocationDefinitionSource">
			<value>
				CONVERT_URL_TO_LOWERCASE_BEFORE_COMPARISON
				PATTERN_TYPE_APACHE_ANT
				/**=httpSessionContextIntegrationFilter,logoutFilter,formAuthenticationProcessingFilter,anonymousProcessingFilter,exceptionTranslationFilter,filterInvocationInterceptor
			</value>
		</property>
	</bean>

	<bean id="logoutFilter" class="org.acegisecurity.ui.logout.LogoutFilter">
	  <constructor-arg value="/home.htm"/>
	  <constructor-arg>
	    <list>
	      <bean class="org.acegisecurity.ui.logout.SecurityContextLogoutHandler"/>
	    </list>
	  </constructor-arg>
	</bean>

	<bean id="formAuthenticationProcessingFilter" class="org.acegisecurity.ui.webapp.AuthenticationProcessingFilter">
	        <property name="authenticationManager" ref="authenticationManager" />
	        <property name="authenticationFailureUrl" value="/home.htm?lf=1" />
	        <property name="defaultTargetUrl" value="/home.htm" />
	        <property name="filterProcessesUrl" value="/j_acegi_security_check" />
	</bean>

	<bean id="httpSessionContextIntegrationFilter"
		class="org.acegisecurity.context.HttpSessionContextIntegrationFilter" />

	<bean id="authenticationManager"
		class="org.acegisecurity.providers.ProviderManager">
		<property name="providers">
			<list>
				<ref local="vpDaoAuthenticationProvider" />
				<bean
					class="org.acegisecurity.providers.anonymous.AnonymousAuthenticationProvider">
					<property name="key"
						value="AnonymousAuthenticationKey" />
				</bean>
			</list>
		</property>
	</bean>
    
	<bean id="autostopowiczAuthenticationProvider"
		class="pl.com.autostopowicz.authentication.AutostopowiczDaoAuthenticationProvider">
		<property name="userDetailsService"
			ref="autostopowiczUserDetailsService" />
		<!--property name="passwordEncoder" ref="shaPasswordEncoder" /-->
		<property name="dataSource">
			<ref bean="databaseManager" />
		</property>
		<property name="hideUserNotFoundExceptions">
			<value>false</value>
		</property>
	</bean>

	<bean id="autostopowiczUserDetailsService"
		class="pl.com.autostopowicz.authentication.AutostopowiczListUserDetailsService">
		<property name="dataSource">
			<ref bean="databaseManager" />
		</property>
	</bean>



	<!-- securityContextHolderAwareRequestFilter -->
	<bean id="securityContextHolderAwareRequestFilter"
		class="org.acegisecurity.wrapper.SecurityContextHolderAwareRequestFilter" />


	<!-- anonymousProcessingFilter -->
	<bean id="anonymousProcessingFilter"
		class="org.acegisecurity.providers.anonymous.AnonymousProcessingFilter">
		<property name="key" value="AnonymousAuthenticationKey" />
		<property name="userAttribute" value="anonymous,ROLE_ANONYMOUS" />
	</bean>


	<!-- exceptionTranslationFilter -->
	<bean id="exceptionTranslationFilter"
		class="org.acegisecurity.ui.ExceptionTranslationFilter">
		<property name="authenticationEntryPoint">
			<bean
				class="org.acegisecurity.ui.webapp.AuthenticationProcessingFilterEntryPoint">
				<property name="loginFormUrl" value="/portal.htm" />
				<property name="forceHttps" value="false" />
			</bean>
		</property>
		<property name="accessDeniedHandler">
			<bean
				class="org.acegisecurity.ui.AccessDeniedHandlerImpl">
				<property name="errorPage" value="/portal.htm?lf=2" />
			</bean>
		</property>
	</bean>

	<bean id="filterInvocationInterceptor"
		class="org.acegisecurity.intercept.web.FilterSecurityInterceptor">
		<property name="authenticationManager"
			ref="authenticationManager" />
		<property name="accessDecisionManager">
			<bean class="org.acegisecurity.vote.AffirmativeBased">
				<property name="allowIfAllAbstainDecisions"
					value="false" />
				<property name="decisionVoters">
					<list>
						<bean class="org.acegisecurity.vote.RoleVoter" />
					</list>
				</property>
			</bean>
			
		</property>
		<property name="objectDefinitionSource">
			<value>
				CONVERT_URL_TO_LOWERCASE_BEFORE_COMPARISON
				PATTERN_TYPE_APACHE_ANT
				/user*=ROLE_USER
				/portal.htm*=ROLE_ANONYMOUS,ROLE_USER
				/browser.htm*=ROLE_ANONYMOUS,ROLE_USER
			</value>
		</property>
	</bean>

</beans>
