<?xml version="1.0" encoding="ISO-8859-2"?>
<beans xmlns="http://www.springframework.org/schema/beans" xmlns:xsi="http://www.w3.org/2001/XMLSchema-instance"
  xmlns:aop="http://www.springframework.org/schema/aop" xmlns:tx="http://www.springframework.org/schema/tx"
  xsi:schemaLocation="
       http://www.springframework.org/schema/beans http://www.springframework.org/schema/beans/spring-beans-2.0.xsd">
   <bean name="mainPageBean" class="pl.com.autostopowicz.pagemodel.MainPageBean" />

 <bean class="pl.com.autostopowicz.controller.StartPageController" id="startPage">
		<property name="dataSource">
			<ref bean="databaseManager"/>
		</property>
	</bean> 
	 
<bean class="pl.com.autostopowicz.controller.AddDriveController" id="addDrive">
		<property name="dataSource">
			<ref bean="databaseManager"/>
		</property>
	</bean> 
	
	<bean class="pl.com.autostopowicz.controller.CheckDrivesController" id="checkDrives">
		<property name="dataSource">
			<ref bean="databaseManager"/>
		</property>
	</bean> 
	
	<bean class="pl.com.autostopowicz.controller.CommentsArticlesController" id="commentsArticles">
		<property name="dataSource">
			<ref bean="databaseManager"/>
		</property>
	</bean> 
	
		<bean class="pl.com.autostopowicz.controller.HelpController" id="help">
		<property name="dataSource">
			<ref bean="databaseManager"/>
		</property>
	</bean> 
	<!-- <bean class="org.springframework.web.servlet.view.InternalResourceViewResolver" id="viewResolver">
		<property name="viewClass">
			<value>org.springframework.web.servlet.view.JstlView</value>
		</property>
		<property name="prefix">
			<value>/jsp/</value>
		</property>
		<property name="suffix">
			<value>.jsp</value>
		</property>
	</bean> -->
	
<!--  <bean class="org.springframework.web.multipart.commons.CommonsMultipartResolver" id="multipartResolver"/>-->  
	 
   <!-- you can have more than one handler defined -->
  <!-- <bean class="org.springframework.web.servlet.handler.SimpleUrlHandlerMapping" id="urlMapping">
		<property name="urlMap">
			<map>
				<entry key="/home.htm">
					<ref bean="startPage"/>
				</entry>
				<entry key="/addDrive.htm">
					<ref bean="addDrive"/>
				</entry>
				<entry key="/checkDrives.htm">
					<ref bean="checkDrives"/>
				</entry>
				<entry key="/commentsArticles.htm">
					<ref bean="commentsArticles"/>
				</entry>
				<entry key="/help.htm">
					<ref bean="help"/>
				</entry>
			</map>
		</property>
	</bean> -->                
</beans>