<?xml version="1.0" encoding="UTF-8"?>
<web-app xmlns="http://geronimo.apache.org/xml/ns/j2ee/web-1.1" xmlns:nam="http://geronimo.apache.org/xml/ns/naming-1.1" xmlns:sec="http://geronimo.apache.org/xml/ns/security-1.1" xmlns:sys="http://geronimo.apache.org/xml/ns/deployment-1.1">
<sys:environment>
<sys:moduleId>
<sys:groupId>pl.autostopowicz</sys:groupId>
<sys:artifactId>autostopowicz</sys:artifactId>
<sys:version>1.0</sys:version>
<sys:type>car</sys:type>
</sys:moduleId>
</sys:environment>
<context-root>/Autostopowicz</context-root>
</web-app>