<?xml version="1.0" encoding="UTF-8" ?>
<!DOCTYPE log4j:configuration SYSTEM "log4j.dtd">

<log4j:configuration xmlns:log4j="http://jakarta.apache.org/log4j/">

    <appender name="CONSOLE" class="org.apache.log4j.ConsoleAppender">
        <layout class="org.apache.log4j.PatternLayout">
            <param name="ConversionPattern"
                value="%p - %C{1}.%M(%L) | %m%n"/>
        </layout>
    </appender>
    
    
      <appender name="FILE" class="org.apache.log4j.RollingFileAppender">
        <layout class="org.apache.log4j.PatternLayout">
            <param name="ConversionPattern"
                value="%p - %C{1}.%M(%L) | %m%n"/>
        </layout>
        <file>
        	value="c:\autostopowicz.log"
        </file>
    </appender>
    

    <logger name="org.apache">
        <level value="WARN"/>
    </logger>

    
    <logger name="net.sf.hibernate">
        <level value="WARN"/>
    </logger>

    <logger name="org.springframework">
        <level value="WARN"/>
    </logger>
    

    <logger name="org.appfuse">
        <level value="DEBUG"/>
    </logger>

    <root>
        <level value="INFO"/>
        <appender-ref ref="CONSOLE"/>
        <appender-ref ref="FILE"/>
    </root>

</log4j:configuration>